Workbook

Sheet FLUXO DE CAIXA
A1: FLUXO DE CAIXA DIÁRIO | G1: MÊS
A2: MÊS | B2: DATA | C2: ENTRADA | D2: SAÍDA | E2: SALDO | G2: MÊS | H2: ENTRADA | I2: SAÍDA | J2: SALDO
A3: =TEXT(B3,"MMMM") -> janeiro | B3: 46023 | C3: =SUMIF(AGENDA!B:B,Tabela57[DATA],AGENDA!L:L)+SUMIF(AGENDA!A:A,Tabela57[DATA],AGENDA!N:N) -> 0 | D3: =SUMIF('FLUXO DE CAIXA'!A:A,Tabela57[[#This Row],[DATA]],FUNCIONÁRIOS!E:E)+SUMIF('COMPRA-MATERIAL'!A:A,Tabela57[[#This Row],[DATA]],'COMPRA-MATERIAL'!C:C) -> 0 | G3: JANEIRO | H3: =SUMIF(A:A,$G$3,C:C) -> 0 | I3: =SUMIF(A:A,G3,D:D) -> 0 | J3: =H3-I3 -> 0
A4: =TEXT(B4,"MMMM") -> janeiro | B4: 46024 | C4: =SUMIF(AGENDA!B:B,Tabela57[DATA],AGENDA!L:L)+SUMIF(AGENDA!A:A,Tabela57[DATA],AGENDA!N:N) -> 0 | D4: =SUMIF('FLUXO DE CAIXA'!A:A,Tabela57[[#This Row],[DATA]],FUNCIONÁRIOS!E:E)+SUMIF('COMPRA-MATERIAL'!A:A,Tabela57[[#This Row],[DATA]],'COMPRA-MATERIAL'!C:C) -> 0 | G4: FEVEREIRO | H4: =SUMIF(A:A,G4,C:C) -> 0 | I4: =SUMIF(A:A,G4,D:D) -> 0
A5: =TEXT(B5,"MMMM") -> janeiro | B5: 46025 | C5: =SUMIF(AGENDA!B:B,Tabela57[DATA],AGENDA!L:L)+SUMIF(AGENDA!A:A,Tabela57[DATA],AGENDA!N:N) -> 0 | D5: =SUMIF('FLUXO DE CAIXA'!A:A,Tabela57[[#This Row],[DATA]],FUNCIONÁRIOS!E:E)+SUMIF('COMPRA-MATERIAL'!A:A,Tabela57[[#This Row],[DATA]],'COMPRA-MATERIAL'!C:C) -> 0 | G5: MARÇO | H5: =SUMIF(A:A,G5,C:C) -> 0 | I5: =SUMIF(A:A,G5,D:D) -> 0
A6: =TEXT(B6,"MMMM") -> janeiro | B6: 46026 | C6: =SUMIF(AGENDA!B:B,Tabela57[DATA],AGENDA!L:L)+SUMIF(AGENDA!A:A,Tabela57[DATA],AGENDA!N:N) -> 0 | D6: =SUMIF('FLUXO DE CAIXA'!A:A,Tabela57[[#This Row],[DATA]],FUNCIONÁRIOS!E:E)+SUMIF('COMPRA-MATERIAL'!A:A,Tabela57[[#This Row],[DATA]],'COMPRA-MATERIAL'!C:C) -> 0 | G6: ABRIL | H6: =SUMIF(A:A,G6,C:C) -> 0 | I6: =SUMIF(A:A,G6,D:D) -> 0
A7: =TEXT(B7,"MMMM") -> janeiro | B7: 46027 | C7: =SUMIF(AGENDA!B:B,Tabela57[DATA],AGENDA!L:L)+SUMIF(AGENDA!A:A,Tabela57[DATA],AGENDA!N:N) -> 0 | D7: =SUMIF('FLUXO DE CAIXA'!A:A,Tabela57[[#This Row],[DATA]],FUNCIONÁRIOS!E:E)+SUMIF('COMPRA-MATERIAL'!A:A,Tabela57[[#This Row],[DATA]],'COMPRA-MATERIAL'!C:C) -> 0 | G7: MAIO | H7: =SUMIF(A:A,G7,C:C) -> 0 | I7: =SUMIF(A:A,G7,D:D) -> 0
A8: =TEXT(B8,"MMMM") -> janeiro | B8: 46028 | C8: =SUMIF(AGENDA!B:B,Tabela57[DATA],AGENDA!L:L)+SUMIF(AGENDA!A:A,Tabela57[DATA],AGENDA!N:N) -> 0 | D8: =SUMIF('FLUXO DE CAIXA'!A:A,Tabela57[[#This Row],[DATA]],FUNCIONÁRIOS!E:E)+SUMIF('COMPRA-MATERIAL'!A:A,Tabela57[[#This Row],[DATA]],'COMPRA-MATERIAL'!C:C) -> 0 | G8: JUNHO | H8: =SUMIF(A:A,G8,C:C) -> 0 | I8: =SUMIF(A:A,G8,D:D) -> 0
A9: =TEXT(B9,"MMMM") -> janeiro | B9: 46029 | C9: =SUMIF(AGENDA!B:B,Tabela57[DATA],AGENDA!L:L)+SUMIF(AGENDA!A:A,Tabela57[DATA],AGENDA!N:N) -> 0 | D9: =SUMIF('FLUXO DE CAIXA'!A:A,Tabela57[[#This Row],[DATA]],FUNCIONÁRIOS!E:E)+SUMIF('COMPRA-MATERIAL'!A:A,Tabela57[[#This Row],[DATA]],'COMPRA-MATERIAL'!C:C) -> 0 | G9: JULHO | H9: =SUMIF(A:A,G9,C:C) -> 0 | I9: =SUMIF(A:A,G9,D:D) -> 0
A10: =TEXT(B10,"MMMM") -> janeiro | B10: 46030 | C10: =SUMIF(AGENDA!B:B,Tabela57[DATA],AGENDA!L:L)+SUMIF(AGENDA!A:A,Tabela57[DATA],AGENDA!N:N) -> 0 | D10: =SUMIF('FLUXO DE CAIXA'!A:A,Tabela57[[#This Row],[DATA]],FUNCIONÁRIOS!E:E)+SUMIF('COMPRA-MATERIAL'!A:A,Tabela57[[#This Row],[DATA]],'COMPRA-MATERIAL'!C:C) -> 0 | G10: AGOSTO | H10: =SUMIF(A:A,G10,C:C) -> 0 | I10: =SUMIF(A:A,G10,D:D) -> 0
A11: =TEXT(B11,"MMMM") -> janeiro | B11: 46031 | C11: =SUMIF(AGENDA!B:B,Tabela57[DATA],AGENDA!L:L)+SUMIF(AGENDA!A:A,Tabela57[DATA],AGENDA!N:N) -> 0 | D11: =SUMIF('FLUXO DE CAIXA'!A:A,Tabela57[[#This Row],[DATA]],FUNCIONÁRIOS!E:E)+SUMIF('COMPRA-MATERIAL'!A:A,Tabela57[[#This Row],[DATA]],'COMPRA-MATERIAL'!C:C) -> 0 | G11: SETEMBRO | H11: =SUMIF(A:A,G11,C:C) -> 0 | I11: =SUMIF(A:A,G11,D:D) -> 0
A12: =TEXT(B12,"MMMM") -> janeiro | B12: 46032 | C12: =SUMIF(AGENDA!B:B,Tabela57[DATA],AGENDA!L:L)+SUMIF(AGENDA!A:A,Tabela57[DATA],AGENDA!N:N) -> 0 | D12: =SUMIF('FLUXO DE CAIXA'!A:A,Tabela57[[#This Row],[DATA]],FUNCIONÁRIOS!E:E)+SUMIF('COMPRA-MATERIAL'!A:A,Tabela57[[#This Row],[DATA]],'COMPRA-MATERIAL'!C:C) -> 0 | G12: OUTUBRO | H12: =SUMIF(A:A,G12,C:C) -> 0 | I12: =SUMIF(A:A,G12,D:D) -> 0
A13: =TEXT(B13,"MMMM") -> janeiro | B13: 46033 | C13: =SUMIF(AGENDA!B:B,Tabela57[DATA],AGENDA!L:L)+SUMIF(AGENDA!A:A,Tabela57[DATA],AGENDA!N:N) -> 0 | D13: =SUMIF('FLUXO DE CAIXA'!A:A,Tabela57[[#This Row],[DATA]],FUNCIONÁRIOS!E:E)+SUMIF('COMPRA-MATERIAL'!A:A,Tabela57[[#This Row],[DATA]],'COMPRA-MATERIAL'!C:C) -> 0 | G13: NOVEMBRO | H13: =SUMIF(A:A,G13,C:C) -> 0 | I13: =SUMIF(A:A,G13,D:D) -> 0
A14: =TEXT(B14,"MMMM") -> janeiro | B14: 46034 | C14: =SUMIF(AGENDA!B:B,Tabela57[DATA],AGENDA!L:L)+SUMIF(AGENDA!A:A,Tabela57[DATA],AGENDA!N:N) -> 0 | D14: =SUMIF('FLUXO DE CAIXA'!A:A,Tabela57[[#This Row],[DATA]],FUNCIONÁRIOS!E:E)+SUMIF('COMPRA-MATERIAL'!A:A,Tabela57[[#This Row],[DATA]],'COMPRA-MATERIAL'!C:C) -> 0 | G14: DEZEMBRO | H14: =SUMIF(A:A,G14,C:C) -> 0 | I14: =SUMIF(A:A,G14,D:D) -> 0
A15: =TEXT(B15,"MMMM") -> janeiro | B15: 46035 | C15: =SUMIF(AGENDA!B:B,Tabela57[DATA],AGENDA!L:L)+SUMIF(AGENDA!A:A,Tabela57[DATA],AGENDA!N:N) -> 0 | D15: =SUMIF('FLUXO DE CAIXA'!A:A,Tabela57[[#This Row],[DATA]],FUNCIONÁRIOS!E:E)+SUMIF('COMPRA-MATERIAL'!A:A,Tabela57[[#This Row],[DATA]],'COMPRA-MATERIAL'!C:C) -> 0
A16: =TEXT(B16,"MMMM") -> janeiro | B16: 46036 | C16: =SUMIF(AGENDA!B:B,Tabela57[DATA],AGENDA!L:L)+SUMIF(AGENDA!A:A,Tabela57[DATA],AGENDA!N:N) -> 0 | D16: =SUMIF('FLUXO DE CAIXA'!A:A,Tabela57[[#This Row],[DATA]],FUNCIONÁRIOS!E:E)+SUMIF('COMPRA-MATERIAL'!A:A,Tabela57[[#This Row],[DATA]],'COMPRA-MATERIAL'!C:C) -> 0
A17: =TEXT(B17,"MMMM") -> janeiro | B17: 46037 | C17: =SUMIF(AGENDA!B:B,Tabela57[DATA],AGENDA!L:L)+SUMIF(AGENDA!A:A,Tabela57[DATA],AGENDA!N:N) -> 0 | D17: =SUMIF('FLUXO DE CAIXA'!A:A,Tabela57[[#This Row],[DATA]],FUNCIONÁRIOS!E:E)+SUMIF('COMPRA-MATERIAL'!A:A,Tabela57[[#This Row],[DATA]],'COMPRA-MATERIAL'!C:C) -> 0
A18: =TEXT(B18,"MMMM") -> janeiro | B18: 46038 | C18: =SUMIF(AGENDA!B:B,Tabela57[DATA],AGENDA!L:L)+SUMIF(AGENDA!A:A,Tabela57[DATA],AGENDA!N:N) -> 0 | D18: =SUMIF('FLUXO DE CAIXA'!A:A,Tabela57[[#This Row],[DATA]],FUNCIONÁRIOS!E:E)+SUMIF('COMPRA-MATERIAL'!A:A,Tabela57[[#This Row],[DATA]],'COMPRA-MATERIAL'!C:C) -> 0
A19: =TEXT(B19,"MMMM") -> janeiro | B19: 46039 | C19: =SUMIF(AGENDA!B:B,Tabela57[DATA],AGENDA!L:L)+SUMIF(AGENDA!A:A,Tabela57[DATA],AGENDA!N:N) -> 0 | D19: =SUMIF('FLUXO DE CAIXA'!A:A,Tabela57[[#This Row],[DATA]],FUNCIONÁRIOS!E:E)+SUMIF('COMPRA-MATERIAL'!A:A,Tabela57[[#This Row],[DATA]],'COMPRA-MATERIAL'!C:C) -> 0
A20: =TEXT(B20,"MMMM") -> janeiro | B20: 46040 | C20: =SUMIF(AGENDA!B:B,Tabela57[DATA],AGENDA!L:L)+SUMIF(AGENDA!A:A,Tabela57[DATA],AGENDA!N:N) -> 0 | D20: =SUMIF('FLUXO DE CAIXA'!A:A,Tabela57[[#This Row],[DATA]],FUNCIONÁRIOS!E:E)+SUMIF('COMPRA-MATERIAL'!A:A,Tabela57[[#This Row],[DATA]],'COMPRA-MATERIAL'!C:C) -> 0
A21: =TEXT(B21,"MMMM") -> janeiro | B21: 46041 | C21: =SUMIF(AGENDA!B:B,Tabela57[DATA],AGENDA!L:L)+SUMIF(AGENDA!A:A,Tabela57[DATA],AGENDA!N:N) -> 0 | D21: =SUMIF('FLUXO DE CAIXA'!A:A,Tabela57[[#This Row],[DATA]],FUNCIONÁRIOS!E:E)+SUMIF('COMPRA-MATERIAL'!A:A,Tabela57[[#This Row],[DATA]],'COMPRA-MATERIAL'!C:C) -> 0
A22: =TEXT(B22,"MMMM") -> janeiro | B22: 46042 | C22: =SUMIF(AGENDA!B:B,Tabela57[DATA],AGENDA!L:L)+SUMIF(AGENDA!A:A,Tabela57[DATA],AGENDA!N:N) -> 0 | D22: =SUMIF('FLUXO DE CAIXA'!A:A,Tabela57[[#This Row],[DATA]],FUNCIONÁRIOS!E:E)+SUMIF('COMPRA-MATERIAL'!A:A,Tabela57[[#This Row],[DATA]],'COMPRA-MATERIAL'!C:C) -> 0
A23: =TEXT(B23,"MMMM") -> janeiro | B23: 46043 | C23: =SUMIF(AGENDA!B:B,Tabela57[DATA],AGENDA!L:L)+SUMIF(AGENDA!A:A,Tabela57[DATA],AGENDA!N:N) -> 0 | D23: =SUMIF('FLUXO DE CAIXA'!A:A,Tabela57[[#This Row],[DATA]],FUNCIONÁRIOS!E:E)+SUMIF('COMPRA-MATERIAL'!A:A,Tabela57[[#This Row],[DATA]],'COMPRA-MATERIAL'!C:C) -> 0
A24: =TEXT(B24,"MMMM") -> janeiro | B24: 46044 | C24: =SUMIF(AGENDA!B:B,Tabela57[DATA],AGENDA!L:L)+SUMIF(AGENDA!A:A,Tabela57[DATA],AGENDA!N:N) -> 0 | D24: =SUMIF('FLUXO DE CAIXA'!A:A,Tabela57[[#This Row],[DATA]],FUNCIONÁRIOS!E:E)+SUMIF('COMPRA-MATERIAL'!A:A,Tabela57[[#This Row],[DATA]],'COMPRA-MATERIAL'!C:C) -> 0
A25: =TEXT(B25,"MMMM") -> janeiro | B25: 46045 | C25: =SUMIF(AGENDA!B:B,Tabela57[DATA],AGENDA!L:L)+SUMIF(AGENDA!A:A,Tabela57[DATA],AGENDA!N:N) -> 0 | D25: =SUMIF('FLUXO DE CAIXA'!A:A,Tabela57[[#This Row],[DATA]],FUNCIONÁRIOS!E:E)+SUMIF('COMPRA-MATERIAL'!A:A,Tabela57[[#This Row],[DATA]],'COMPRA-MATERIAL'!C:C) -> 0
A26: =TEXT(B26,"MMMM") -> janeiro | B26: 46046 | C26: =SUMIF(AGENDA!B:B,Tabela57[DATA],AGENDA!L:L)+SUMIF(AGENDA!A:A,Tabela57[DATA],AGENDA!N:N) -> 0 | D26: =SUMIF('FLUXO DE CAIXA'!A:A,Tabela57[[#This Row],[DATA]],FUNCIONÁRIOS!E:E)+SUMIF('COMPRA-MATERIAL'!A:A,Tabela57[[#This Row],[DATA]],'COMPRA-MATERIAL'!C:C) -> 0
... A367: =TEXT(B367,"MMMM") -> dezembro | B367: 46387 | C367: =SUMIF(AGENDA!B:B,Tabela57[DATA],AGENDA!L:L)+SUMIF(AGENDA!A:A,Tabela57[DATA],AGENDA!N:N) -> 0 | D367: =SUMIF('FLUXO DE CAIXA'!A:A,Tabela57[[#This Row],[DATA]],FUNCIONÁRIOS!E:E)+SUMIF('COMPRA-MATERIAL'!A:A,Tabela57[[#This Row],[DATA]],'COMPRA-MATERIAL'!C:C) -> 0

Sheet AGENDA
A1: CONTROLE DE SALÃO DE BELEZA (AGENDA)
A2: MÊS | B2: DATA | C2: HORA | D2: CLIENTE | E2: CPF | F2: TELEFONE | G2: TIPO SERVIÇO | H2: SERVIÇO | I2: VALOR R$ | J2: FORMA DE PAGAMENTO | K2: ATENDENTE | L2: RECEBIDO | M2: A RECEBER R$ | N2: RECEBIDO 2 | O2: DATA: RECEB 2
A3: =TEXT(Tabela2[[#This Row],[DATA]],"MMMM") -> janeiro
A4: =TEXT(Tabela2[[#This Row],[DATA]],"MMMM") -> janeiro
A5: =TEXT(Tabela2[[#This Row],[DATA]],"MMMM") -> janeiro
A6: =TEXT(Tabela2[[#This Row],[DATA]],"MMMM") -> janeiro
A7: =TEXT(Tabela2[[#This Row],[DATA]],"MMMM") -> janeiro
A8: =TEXT(Tabela2[[#This Row],[DATA]],"MMMM") -> janeiro
A9: =TEXT(Tabela2[[#This Row],[DATA]],"MMMM") -> janeiro
A10: =TEXT(Tabela2[[#This Row],[DATA]],"MMMM") -> janeiro
A11: =TEXT(Tabela2[[#This Row],[DATA]],"MMMM") -> janeiro
A12: =TEXT(Tabela2[[#This Row],[DATA]],"MMMM") -> janeiro
A13: =TEXT(Tabela2[[#This Row],[DATA]],"MMMM") -> janeiro
A14: =TEXT(Tabela2[[#This Row],[DATA]],"MMMM") -> janeiro
... A370: =TEXT(Tabela2[[#This Row],[DATA]],"MMMM") -> janeiro

Sheet FUNCIONÁRIOS
A1: SERVIÇOS E COMISSÕES
A2: DATA | B2: NOME | C2: SERVIÇO | D2: COMISSÃO | E2: TOTAL

Sheet COMPRA-MATERIAL
A1: ESTOQUE DE MATERIAL
A2: DATA | B2: PRODUTO | C2: VALOR

Sheet ESTOQUE-MATERIAL
A1: ESTOQUE
A2: PRODUTO | B2: QTD

Sheet PRECIFICAÇÃO SERVIÇOS
A1: PRECIFICAÇÃO 2025
A2: SERVIÇO | B2: VALOR
A3: ALONGAMENTO
A4: BLINDAGEM
A5: BOTOX
A6: CORTE
A7: ESCOVA
A8: MANUTENÇÃO
A9: MAQUIAGEM
A10: MECHAS
A11: PÉ E MÃO
A12: PENTEADOS
A13: POSTIÇA
A14: PROGRESSIVA
... A18: TRATAMENTO

Sheet TIPO SERVIÇO R$
A1: TIPO SERVIÇO
A2: MÊS | B2: UNHA | C2: CABELO
A3: JANEIRO | B3: =SUMIF(AGENDA!A:A,'TIPO SERVIÇO R$'!A3,Tabela2[VALOR R$]) -> 0
A4: FEVEREIRO | B4: =SUMIF(AGENDA!A:A,'TIPO SERVIÇO R$'!A4,Tabela2[VALOR R$]) -> 0
A5: MARÇO | B5: =SUMIF(AGENDA!A:A,'TIPO SERVIÇO R$'!A5,Tabela2[VALOR R$]) -> 0
A6: ABRIL | B6: =SUMIF(AGENDA!A:A,'TIPO SERVIÇO R$'!A6,Tabela2[VALOR R$]) -> 0
A7: MAIO | B7: =SUMIF(AGENDA!A:A,'TIPO SERVIÇO R$'!A7,Tabela2[VALOR R$]) -> 0
A8: JUNHO | B8: =SUMIF(AGENDA!A:A,'TIPO SERVIÇO R$'!A8,Tabela2[VALOR R$]) -> 0
A9: JULHO | B9: =SUMIF(AGENDA!A:A,'TIPO SERVIÇO R$'!A9,Tabela2[VALOR R$]) -> 0
A10: AGOSTO | B10: =SUMIF(AGENDA!A:A,'TIPO SERVIÇO R$'!A10,Tabela2[VALOR R$]) -> 0
A11: SETEMBRO | B11: =SUMIF(AGENDA!A:A,'TIPO SERVIÇO R$'!A11,Tabela2[VALOR R$]) -> 0
A12: OUTUBRO | B12: =SUMIF(AGENDA!A:A,'TIPO SERVIÇO R$'!A12,Tabela2[VALOR R$]) -> 0
A13: NOVEMBRO | B13: =SUMIF(AGENDA!A:A,'TIPO SERVIÇO R$'!A13,Tabela2[VALOR R$]) -> 0
A14: DEZEMBRO | B14: =SUMIF(AGENDA!A:A,'TIPO SERVIÇO R$'!A14,Tabela2[VALOR R$]) -> 0
